{
  "AGENTS.md": 1778776017.4129207,
  "CLAUDE.md": 1778859679.1145713,
  "graphify-out/converted/Decisiones_Pendientes_Alcance_7fb22adc.md": 1778870929.0967653,
  "proyecto/wiki/00_preguntas_pendientes.md": 1778858613.8720915,
  "proyecto/wiki/requisitos/00_fundamentos.md": 1778865937.8551335,
  "proyecto/wiki/requisitos/_PROGRESO.md": 1778869877.356692,
  "proyecto/wiki/requisitos/03_glosario.md": 1778865638.5374792,
  "proyecto/wiki/requisitos/04_requisitos-globales.md": 1778869865.4899683,
  "proyecto/wiki/requisitos/02_enfoque-IR.md": 1778865950.1030886,
  "proyecto/wiki/requisitos/09_trazabilidad.md": 1778869935.2139492,
  "proyecto/wiki/requisitos/staging/candidatos-rf.md": 1778864158.4631147,
  "proyecto/wiki/requisitos/staging/decisiones-pendientes.md": 1778860598.0571547,
  "proyecto/wiki/requisitos/staging/ambiguedades.md": 1778855472.9291394,
  "proyecto/wiki/requisitos/staging/atributos-calidad-mencionados.md": 1778864190.0461152,
  "proyecto/wiki/requisitos/staging/glosario-candidato.md": 1778864134.853811,
  "proyecto/wiki/requisitos/staging/contradicciones.md": 1778864110.9798973,
  "proyecto/wiki/requisitos/staging/candidatos-br.md": 1778864176.1150558,
  "proyecto/wiki/requisitos/staging/requerimientos-crudos.md": 1778859626.3155937,
  "proyecto/wiki/requisitos/_reportes/validacion-terna-2026-05-14.md": 1778869980.0245643,
  "proyecto/wiki/requisitos/06_usuario/CU-UI-001.md": 1778868260.1967435,
  "proyecto/wiki/requisitos/06_usuario/CU-UI-011.md": 1778856215.1281393,
  "proyecto/wiki/requisitos/06_usuario/CU-UI-005.md": 1778858470.7447,
  "proyecto/wiki/requisitos/06_usuario/CU-UI-015.md": 1778860672.314025,
  "proyecto/wiki/requisitos/06_usuario/CU-UI-004.md": 1778860712.957219,
  "proyecto/wiki/requisitos/06_usuario/CU-UI-014.md": 1778865693.0391266,
  "proyecto/wiki/requisitos/06_usuario/CU-UI-010.md": 1778858515.6835573,
  "proyecto/wiki/requisitos/06_usuario/CU-UI-007.md": 1778856165.809211,
  "proyecto/wiki/requisitos/06_usuario/CU-UI-017.md": 1778865131.3933887,
  "proyecto/wiki/requisitos/06_usuario/CU-UI-003.md": 1778858450.2282178,
  "proyecto/wiki/requisitos/06_usuario/CU-UI-013.md": 1778856239.578379,
  "proyecto/wiki/requisitos/06_usuario/CU-UI-002.md": 1778858422.9780788,
  "proyecto/wiki/requisitos/06_usuario/CU-UI-012.md": 1778856226.952031,
  "proyecto/wiki/requisitos/06_usuario/CU-UI-006.md": 1778865222.759271,
  "proyecto/wiki/requisitos/06_usuario/CU-UI-016.md": 1778856275.334949,
  "proyecto/wiki/requisitos/06_usuario/CU-UI-009.md": 1778856191.1543386,
  "proyecto/wiki/requisitos/06_usuario/CU-UI-008.md": 1778856179.3757415,
  "proyecto/wiki/requisitos/01_stakeholders/snowman.md": 1778860691.4072661,
  "proyecto/wiki/requisitos/01_stakeholders/matriz-poder-interes.md": 1778865871.281886,
  "proyecto/wiki/requisitos/12_handoff-sdd/manifest.md": 1778789693.7546837,
  "proyecto/wiki/requisitos/10_decisiones/pendientes.md": 1778860568.759802,
  "proyecto/wiki/requisitos/07_software/NF/AC-001.md": 1778866271.3294852,
  "proyecto/wiki/requisitos/07_software/NF/AC-005.md": 1778866348.7080672,
  "proyecto/wiki/requisitos/07_software/NF/AC-012.md": 1778866383.14268,
  "proyecto/wiki/requisitos/07_software/NF/AC-003.md": 1778866304.772797,
  "proyecto/wiki/requisitos/07_software/NF/AC-013.md": 1778866416.6494076,
  "proyecto/wiki/requisitos/07_software/NF/_INDEX.md": 1778866451.1884089,
  "proyecto/wiki/requisitos/07_software/RF/RF-010.md": 1778867847.0312314,
  "proyecto/wiki/requisitos/07_software/RF/RF-020.md": 1778867954.595383,
  "proyecto/wiki/requisitos/07_software/RF/RF-014.md": 1778867892.4175248,
  "proyecto/wiki/requisitos/07_software/RF/RF-004.md": 1778867790.2842357,
  "proyecto/wiki/requisitos/07_software/RF/RF-015.md": 1778867901.1947045,
  "proyecto/wiki/requisitos/07_software/RF/RF-005.md": 1778867799.2280116,
  "proyecto/wiki/requisitos/07_software/RF/RF-011.md": 1778867860.4630122,
  "proyecto/wiki/requisitos/07_software/RF/RF-001.md": 1778867758.576953,
  "proyecto/wiki/requisitos/07_software/RF/RF-018.md": 1778867930.167612,
  "proyecto/wiki/requisitos/07_software/RF/RF-008.md": 1778867825.8380785,
  "proyecto/wiki/requisitos/07_software/RF/RF-019.md": 1778867939.8275878,
  "proyecto/wiki/requisitos/07_software/RF/RF-009.md": 1778867833.719152,
  "proyecto/wiki/requisitos/07_software/RF/RF-016.md": 1778867910.247997,
  "proyecto/wiki/requisitos/07_software/RF/RF-006.md": 1778867808.7076795,
  "proyecto/wiki/requisitos/07_software/RF/RF-012.md": 1778867870.7464802,
  "proyecto/wiki/requisitos/07_software/RF/RF-002.md": 1778867768.2783647,
  "proyecto/wiki/requisitos/07_software/RF/RF-013.md": 1778867881.9778154,
  "proyecto/wiki/requisitos/07_software/RF/RF-003.md": 1778867779.463048,
  "proyecto/wiki/requisitos/07_software/RF/_INDEX.md": 1778865810.1480024,
  "proyecto/wiki/requisitos/07_software/RF/RF-017.md": 1778867921.5619497,
  "proyecto/wiki/requisitos/07_software/RF/RF-007.md": 1778867816.7005553,
  "proyecto/wiki/requisitos/07_software/BR/BR-007.md": 1778866948.5222762,
  "proyecto/wiki/requisitos/07_software/BR/BR-002.md": 1778866847.5490441,
  "proyecto/wiki/requisitos/07_software/BR/BR-022.md": 1778867142.470641,
  "proyecto/wiki/requisitos/07_software/BR/BR-006.md": 1778866920.004177,
  "proyecto/wiki/requisitos/07_software/BR/BR-019.md": 1778867087.156121,
  "proyecto/wiki/requisitos/07_software/BR/BR-009.md": 1778866995.2598236,
  "proyecto/wiki/requisitos/07_software/BR/BR-018.md": 1778867057.9925838,
  "proyecto/wiki/requisitos/07_software/BR/BR-008.md": 1778866969.1523666,
  "proyecto/wiki/requisitos/07_software/BR/BR-001.md": 1778866823.9939475,
  "proyecto/wiki/requisitos/07_software/BR/BR-015.md": 1778867036.0709562,
  "proyecto/wiki/requisitos/07_software/BR/BR-021.md": 1778867115.2368276,
  "proyecto/wiki/requisitos/07_software/BR/BR-005.md": 1778866892.577566,
  "proyecto/wiki/requisitos/07_software/BR/BR-014.md": 1778867015.7813501,
  "proyecto/wiki/requisitos/07_software/BR/BR-004.md": 1778866868.9047554,
  "proyecto/wiki/requisitos/07_software/BR/_INDEX.md": 1778867189.3484046,
  "proyecto/wiki/requisitos/05_negocio/BR-NEG-003.md": 1778857404.897595,
  "proyecto/wiki/requisitos/05_negocio/_TOMBSTONES.md": 1778857219.4611619,
  "proyecto/wiki/requisitos/05_negocio/BR-NEG-001.md": 1778865964.0737278,
  "proyecto/wiki/requisitos/05_negocio/BR-NEG-004.md": 1778857265.0754158,
  "graphify-out/GRAPH_REPORT.md": 1778870878.19144,
  "analisis/reunion-01/transcript.txt": 1778775453.4258127,
  "analisis/\u201cTasa Inmuebles es una plataforma de gestio\u0301n de tasaciones inmobiliarias\u2026.pdf": 1778774881.0318034,
  "analisis/imgs/WhatsApp Image 2026-05-14 at 12.45.48.jpeg": 1778774974.0823073,
  "analisis/imgs/WhatsApp Image 2026-05-14 at 12.45.48 (5).jpeg": 1778774974.0941408,
  "analisis/imgs/WhatsApp Image 2026-05-14 at 12.45.44.jpeg": 1778774974.0416763,
  "analisis/imgs/WhatsApp Image 2026-05-14 at 12.45.45 (2).jpeg": 1778774974.0556633,
  "analisis/imgs/WhatsApp Image 2026-05-14 at 12.45.44 (2).jpeg": 1778774974.0457644,
  "analisis/imgs/WhatsApp Image 2026-05-14 at 12.45.45.jpeg": 1778774974.0520096,
  "analisis/imgs/WhatsApp Image 2026-05-14 at 12.45.48 (1).jpeg": 1778774974.0846415,
  "analisis/imgs/WhatsApp Image 2026-05-14 at 12.45.49 (1).jpeg": 1778774974.09893,
  "analisis/imgs/WhatsApp Image 2026-05-14 at 12.45.45 (4).jpeg": 1778774974.0597045,
  "analisis/imgs/WhatsApp Image 2026-05-14 at 12.45.44 (4).jpeg": 1778774974.0500891,
  "analisis/imgs/WhatsApp Image 2026-05-14 at 12.45.48 (3).jpeg": 1778774974.089589,
  "analisis/imgs/WhatsApp Image 2026-05-14 at 12.45.49 (3).jpeg": 1778774974.1037312,
  "analisis/imgs/WhatsApp Image 2026-05-14 at 12.45.49.jpeg": 1778774974.09663,
  "analisis/imgs/WhatsApp Image 2026-05-14 at 12.45.43 (1).jpeg": 1778774974.0396106,
  "analisis/imgs/WhatsApp Image 2026-05-14 at 12.45.45 (3).jpeg": 1778774974.057613,
  "analisis/imgs/WhatsApp Image 2026-05-14 at 12.45.44 (3).jpeg": 1778774974.047937,